model,mode,status,num_images,device,batch_size,precision_macro,recall_macro,f1_macro,time_total_s,time_per_image_ms,images_per_second,error
resnet18,cnn,ok,1532,cpu,1,0.9638420245398773,0.9697101265107873,0.9664254206026943,22.293110900791362,14.551638969184962,68.72078135786859,
resnet18,svm,ok,1532,cpu,1,0.965558599695586,0.9723645939229639,0.9684749234136434,23.927869603736326,15.61871384055896,64.0257584720697,
resnet50,cnn,ok,1532,cpu,1,0.9107717722805828,0.9107717722805828,0.9107717722805828,60.000786198535934,39.16500404604173,25.532998766562528,
resnet50,svm,ok,1532,cpu,1,0.8952706537779758,0.899458516886931,0.8971452492712503,61.54791490198113,40.17487917883886,24.8911762882594,
convnext_tiny,cnn,ok,1532,cpu,1,0.987685229990252,0.9909388060544448,0.989221344130751,53.03121499856934,34.61567558653351,28.88864605574905,
convnext_tiny,svm,ok,1532,cpu,1,0.9980973217707003,0.9978467751044844,0.9979715764725821,52.87925499747507,34.51648498529705,28.97166384195752,
