model,mode,status,num_images,device,batch_size,precision_macro,recall_macro,f1_macro,time_total_s,time_per_image_ms,images_per_second,error
resnet18,cnn,ok,6280,cpu,1,0.6711545943267683,0.9748241603133646,0.6643724178497753,371.80917660309933,59.2052828985827,16.890384625185852,
resnet18,svm,ok,6280,cpu,1,0.6742794162728777,0.9830700477283019,0.6743028374430867,380.96935520041734,60.66391006376072,16.484265503970175,
resnet50,cnn,ok,6280,cpu,1,0.6694069534174917,0.8948777652842143,0.6646723475130026,984.6920337884221,156.7980945522965,6.377628521923602,
resnet50,svm,ok,6280,cpu,1,0.6667336007662041,0.8960501201331973,0.6740856605534932,991.4237558061723,157.87002480990003,6.334324715563673,
convnext_tiny,cnn,ok,6280,cpu,1,0.694384249084249,0.9125356662355304,0.7154500269213319,1005.5474219890311,160.1190162402916,6.245354383762225,
convnext_tiny,svm,ok,6280,cpu,1,0.6891742062168157,0.9117953955079501,0.7064001386666915,975.318047612207,155.30542159430047,6.4389252463591955,
